Complexity,Loss,Equation
1,2.4406188,"0.9756638"
3,2.3749995,"lor(x2, 0.052810226)"
